{
  "openapi" : "3.0.1",
  "info" : {
    "title" : "Orders",
    "version" : "1.0.0"
  },
  "servers" : [ {
    "url" : "/"
  } ],
  "security" : [ {
    "default" : [ ]
  } ],
  "paths" : {
    "/*" : {
      "get" : {
        "responses" : {
          "200" : {
            "description" : "OK"
          }
        },
        "security" : [ {
          "default" : [ ]
        } ],
        "x-auth-type" : "Application & Application User",
        "x-throttling-tier" : "Unlimited",
        "x-wso2-application-security" : {
          "security-types" : [ "oauth2" ],
          "optional" : false
        }
      },
      "put" : {
        "responses" : {
          "200" : {
            "description" : "OK"
          }
        },
        "security" : [ {
          "default" : [ ]
        } ],
        "x-auth-type" : "Application & Application User",
        "x-throttling-tier" : "Unlimited",
        "x-wso2-application-security" : {
          "security-types" : [ "oauth2" ],
          "optional" : false
        }
      },
      "post" : {
        "responses" : {
          "200" : {
            "description" : "OK"
          }
        },
        "security" : [ {
          "default" : [ ]
        } ],
        "x-auth-type" : "Application & Application User",
        "x-throttling-tier" : "Unlimited",
        "x-wso2-application-security" : {
          "security-types" : [ "oauth2" ],
          "optional" : false
        }
      },
      "delete" : {
        "responses" : {
          "200" : {
            "description" : "OK"
          }
        },
        "security" : [ {
          "default" : [ ]
        } ],
        "x-auth-type" : "Application & Application User",
        "x-throttling-tier" : "Unlimited",
        "x-wso2-application-security" : {
          "security-types" : [ "oauth2" ],
          "optional" : false
        }
      },
      "patch" : {
        "responses" : {
          "200" : {
            "description" : "OK"
          }
        },
        "security" : [ {
          "default" : [ ]
        } ],
        "x-auth-type" : "Application & Application User",
        "x-throttling-tier" : "Unlimited",
        "x-wso2-application-security" : {
          "security-types" : [ "oauth2" ],
          "optional" : false
        }
      }
    },
    "/api/get_completed_orders" : {
      "get" : {
        "parameters" : [ ],
        "responses" : {
          "200" : {
            "description" : "ok"
          }
        },
        "security" : [ {
          "default" : [ ]
        } ],
        "x-auth-type" : "Application & Application User",
        "x-throttling-tier" : "Unlimited",
        "x-wso2-application-security" : {
          "security-types" : [ "oauth2" ],
          "optional" : false
        }
      }
    },
    "/api/get_pending_orders" : {
      "get" : {
        "parameters" : [ ],
        "responses" : {
          "200" : {
            "description" : "ok"
          }
        },
        "security" : [ {
          "default" : [ ]
        } ],
        "x-auth-type" : "Application & Application User",
        "x-throttling-tier" : "Unlimited",
        "x-wso2-application-security" : {
          "security-types" : [ "oauth2" ],
          "optional" : false
        }
      }
    },
    "/api/register_preventive_order" : {
      "post" : {
        "description" : "Api para registrar un mantenimiento preventivo",
        "parameters" : [ ],
        "requestBody" : {
          "description" : "",
          "content" : {
            "application/json" : {
              "schema" : {
                "type" : "object"
              }
            }
          },
          "required" : true
        },
        "responses" : {
          "200" : {
            "description" : "ok"
          }
        },
        "security" : [ {
          "default" : [ ]
        } ],
        "x-auth-type" : "None",
        "x-throttling-tier" : "Unlimited",
        "x-wso2-application-security" : {
          "security-types" : [ "oauth2" ],
          "optional" : false
        }
      }
    },
    "/api/register_corrective_order" : {
      "post" : {
        "description" : "Api para registrrar un mantenimiento correctivo",
        "parameters" : [ ],
        "requestBody" : {
          "description" : "",
          "content" : {
            "application/json" : {
              "schema" : {
                "type" : "object"
              }
            }
          },
          "required" : true
        },
        "responses" : {
          "200" : {
            "description" : "ok"
          }
        },
        "security" : [ {
          "default" : [ ]
        } ],
        "x-auth-type" : "None",
        "x-throttling-tier" : "Unlimited",
        "x-wso2-application-security" : {
          "security-types" : [ "oauth2" ],
          "optional" : false
        }
      }
    }
  },
  "components" : {
    "securitySchemes" : {
      "default" : {
        "type" : "oauth2",
        "flows" : {
          "implicit" : {
            "authorizationUrl" : "https://test.com",
            "scopes" : { }
          }
        }
      }
    }
  },
  "x-wso2-api-key-header" : "ApiKey",
  "x-wso2-auth-header" : "Authorization",
  "x-wso2-cors" : {
    "corsConfigurationEnabled" : false,
    "accessControlAllowOrigins" : [ "*" ],
    "accessControlAllowCredentials" : false,
    "accessControlAllowHeaders" : [ "authorization", "Access-Control-Allow-Origin", "Content-Type", "SOAPAction", "apikey", "Internal-Key" ],
    "accessControlAllowMethods" : [ "GET", "PUT", "POST", "DELETE", "PATCH", "OPTIONS" ]
  },
  "x-wso2-production-endpoints" : {
    "urls" : [ "https://us-central1-global-tine-447000-u6.cloudfunctions.net/orders" ],
    "type" : "http"
  },
  "x-wso2-sandbox-endpoints" : {
    "urls" : [ "https://us-central1-global-tine-447000-u6.cloudfunctions.net/orders" ],
    "type" : "http"
  },
  "x-wso2-basePath" : "/orders/1.0.0",
  "x-wso2-transports" : [ "http", "https" ],
  "x-wso2-application-security" : {
    "security-types" : [ "oauth2" ],
    "optional" : false
  },
  "x-wso2-response-cache" : {
    "enabled" : false,
    "cacheTimeoutInSeconds" : 300
  }
}