{
  "type": "api",
  "version": "v4.4.0",
  "data": {
    "id": "a5610b15-644d-4931-9f8d-e56596bacd18",
    "name": "RepairShops",
    "context": "/repairShops",
    "version": "1.0.0",
    "provider": "admin",
    "lifeCycleStatus": "CREATED",
    "responseCachingEnabled": false,
    "cacheTimeout": 300,
    "hasThumbnail": false,
    "isDefaultVersion": false,
    "isRevision": true,
    "revisionedApiId": "a5610b15-644d-4931-9f8d-e56596bacd18",
    "revisionId": 1,
    "enableSchemaValidation": false,
    "enableSubscriberVerification": false,
    "type": "HTTP",
    "audiences": [
      "all"
    ],
    "transport": [
      "http",
      "https"
    ],
    "tags": [],
    "policies": [
      "Unlimited"
    ],
    "authorizationHeader": "Authorization",
    "apiKeyHeader": "ApiKey",
    "securityScheme": [
      "oauth_basic_auth_api_key_mandatory",
      "oauth2"
    ],
    "visibility": "PUBLIC",
    "visibleRoles": [],
    "visibleTenants": [],
    "mediationPolicies": [],
    "subscriptionAvailability": "CURRENT_TENANT",
    "subscriptionAvailableTenants": [],
    "additionalProperties": [],
    "additionalPropertiesMap": {},
    "accessControl": "NONE",
    "accessControlRoles": [],
    "businessInformation": {},
    "corsConfiguration": {
      "corsConfigurationEnabled": false,
      "accessControlAllowOrigins": [
        "*"
      ],
      "accessControlAllowCredentials": false,
      "accessControlAllowHeaders": [
        "authorization",
        "Access-Control-Allow-Origin",
        "Content-Type",
        "SOAPAction",
        "apikey",
        "Internal-Key"
      ],
      "accessControlAllowMethods": [
        "GET",
        "PUT",
        "POST",
        "DELETE",
        "PATCH",
        "OPTIONS"
      ]
    },
    "websubSubscriptionConfiguration": {
      "enable": false,
      "secret": "",
      "signingAlgorithm": "SHA1",
      "signatureHeader": "x-hub-signature"
    },
    "createdTime": "1737788171156",
    "lastUpdatedTimestamp": "1737788171156",
    "lastUpdatedTime": "2025-01-25 01:56:11.156",
    "endpointConfig": {
      "endpoint_type": "http",
      "sandbox_endpoints": {
        "url": "https://us-central1-global-tine-447000-u6.cloudfunctions.net/repairshops"
      },
      "production_endpoints": {
        "url": "https://us-central1-global-tine-447000-u6.cloudfunctions.net/repairshops"
      }
    },
    "endpointImplementationType": "ENDPOINT",
    "subtypeConfiguration": {
      "subtype": "DEFAULT"
    },
    "scopes": [],
    "operations": [
      {
        "id": "",
        "target": "/*",
        "verb": "GET",
        "authType": "None",
        "throttlingPolicy": "Unlimited",
        "scopes": [],
        "usedProductIds": [],
        "operationPolicies": {
          "request": [],
          "response": [],
          "fault": []
        }
      },
      {
        "id": "",
        "target": "/*",
        "verb": "PUT",
        "authType": "Application \u0026 Application User",
        "throttlingPolicy": "Unlimited",
        "scopes": [],
        "usedProductIds": [],
        "operationPolicies": {
          "request": [],
          "response": [],
          "fault": []
        }
      },
      {
        "id": "",
        "target": "/*",
        "verb": "POST",
        "authType": "Application \u0026 Application User",
        "throttlingPolicy": "Unlimited",
        "scopes": [],
        "usedProductIds": [],
        "operationPolicies": {
          "request": [],
          "response": [],
          "fault": []
        }
      },
      {
        "id": "",
        "target": "/*",
        "verb": "DELETE",
        "authType": "Application \u0026 Application User",
        "throttlingPolicy": "Unlimited",
        "scopes": [],
        "usedProductIds": [],
        "operationPolicies": {
          "request": [],
          "response": [],
          "fault": []
        }
      },
      {
        "id": "",
        "target": "/*",
        "verb": "PATCH",
        "authType": "Application \u0026 Application User",
        "throttlingPolicy": "Unlimited",
        "scopes": [],
        "usedProductIds": [],
        "operationPolicies": {
          "request": [],
          "response": [],
          "fault": []
        }
      },
      {
        "id": "",
        "target": "/api/get_repairshops",
        "verb": "GET",
        "authType": "None",
        "throttlingPolicy": "Unlimited",
        "scopes": [],
        "usedProductIds": [],
        "operationPolicies": {
          "request": [],
          "response": [],
          "fault": []
        }
      },
      {
        "id": "",
        "target": "/api/get_mechanic_repairshops",
        "verb": "GET",
        "authType": "None",
        "throttlingPolicy": "Unlimited",
        "scopes": [],
        "usedProductIds": [],
        "operationPolicies": {
          "request": [],
          "response": [],
          "fault": []
        }
      },
      {
        "id": "",
        "target": "/api/get_dealership_repairshops",
        "verb": "GET",
        "authType": "None",
        "throttlingPolicy": "Unlimited",
        "scopes": [],
        "usedProductIds": [],
        "operationPolicies": {
          "request": [],
          "response": [],
          "fault": []
        }
      },
      {
        "id": "",
        "target": "/api/register_repairshop",
        "verb": "POST",
        "authType": "None",
        "throttlingPolicy": "Unlimited",
        "scopes": [],
        "usedProductIds": [],
        "operationPolicies": {
          "request": [],
          "response": [],
          "fault": []
        }
      }
    ],
    "categories": [],
    "keyManagers": [
      "all"
    ],
    "advertiseInfo": {
      "advertised": false,
      "apiOwner": "admin",
      "vendor": "WSO2"
    },
    "gatewayVendor": "wso2",
    "gatewayType": "wso2/synapse",
    "asyncTransportProtocols": [],
    "egress": false,
    "organizationId": "carbon.super"
  }
}